Word,Count
sides,8
world,7
those,5
nations,5
first,4
pledge,4
citizens,4
power,3
control,3
begin,3
never,3
final,3
fellow,3
country,3
americans,3
today,2
before,2
hands,2
forms,2
human,2
poverty,2
forth,2
friend,2
whether,2
shall,2
burden,2
assure,2
success,2
loyalty,2
united,2
there,2
little,2
powerful,2
states,2
globe,2
themselves,2
south,2
offer,2
alliance,2
where,2
finally,2
peace,2
science,2
weakness,2
beyond,2
doubt,2
balance,2
negotiate,2
explore,2
problems,2
unite,2
instead,2
which,2
absolute,2
together,2
disease,2
finished,2
though,2
struggle,2
against,2
enemies,2
history,2
freedom,2
america,2
observe,1
victory,1
party,1
celebration,1
freedomâsymbolizing,1
beginning,1
signifying,1
renewal,1
change,1
sworn,1
almighty,1
solemn,1
forbears,1
prescribed,1
nearly,1
century,1
three-quarters,1
different,1
holds,1
mortal,1
abolish,1
generosity,1
state,1
forget,1
heirs,1
revolution,1
place,1
alike,1
torch,1
around,1
every,1
nation,1
wishes,1
price,1
hardship,1
support,1
oppose,1
survival,1
liberty,1
pledgeâand,1
allies,1
whose,1
cultural,1
spiritual,1
origins,1
share,1
faithful,1
friends,1
cannot,1
cooperative,1
ventures,1
divided,1
doâfor,1
challenge,1
split,1
asunder,1
welcome,1
ranks,1
colonial,1
passed,1
merely,1
replaced,1
tiger,1
ended,1
inside,1
people,1
villages,1
struggling,1
break,1
bonds,1
misery,1
efforts,1
whatever,1
period,1
requiredânot,1
because,1
communists,1
sister,1
republics,1
border,1
special,1
pledgeâto,1
convert,1
words,1
deedsâin,1
progressâto,1
assist,1
house,1
assembly,1
sovereign,1
instruments,1
outpaced,1
instru,1
would,1
adversary,1
request,1
quest,1
powers,1
destruction,1
unleashed,1
engulf,1
humanity,1
planned,1
accidental,1
self-destruction,1
tempt,1
sufficient,1
certain,1
employed,1
neither,1
great,1
groups,1
comfort,1
present,1
courseâboth,1
overburdened,1
modern,1
weapons,1
rightly,1
alarmed,1
steady,1
spread,1
deadly,1
racing,1
alter,1
uncertain,1
terror,1
stays,1
mankinds,1
anewâremembering,1
civility,1
sincerity,1
always,1
subject,1
proof,1
belaboring,1
divide,1
formulate,1
serious,1
precise,1
proposals,1
inspection,1
armsâand,1
bring,1
destroy,1
other,1
under,1
invoke,1
wonders,1
terrors,1
stars,1
conquer,1
deserts,1
eradicate,1
ocean,1
depths,1
encourage,1
commerce,1
corners,1
earth,1
command,1
isaiahâto,1
heavy,1
burdens,1
oppressed,1
beachhead,1
cooperation,1
jungle,1
suspicion,1
creating,1
endeavor,1
strong,1
secure,1
preserved,1
hundred,1
thousand,1
administration,1
perhaps,1
lifetime,1
planet,1
failure,1
course,1
since,1
founded,1
generation,1
summoned,1
testimony,1
national,1
graves,1
young,1
answered,1
service,1
surround,1
trumpet,1
summons,1
againânot,1
needânot,1
battle,1
embattled,1
areâbut,1
twilight,1
rejoicing,1
patient,1
tribulationâa,1
common,1
tyranny,1
itself,1
forge,1
these,1
grand,1
global,1
north,1
fruitful,1
mankind,1
historic,1
effort,1
generations,1
granted,1
defending,1
maximum,1
danger,1
shrink,1
responsibilityâ,1
youâask,1
standards,1
strength,1
sacrifice,1
conscience,1
reward,1
judge,1
deeds,1
